9
p44eh7,E,Bruckent,Clayborne,2198 Hanson Way,Kudus,MN,55551,US,cbruckent0@mapy.cz
4oxt16,P,Readwing,Modestia,638 International Point,Ibadan,VA,420420,US,mreadwing1@bandcamp.com
2ryy76,P,Folger,Julissa,1128 Prairie Rose Plaza,Stockholm,MD,40400,US,jfolger2@skyrock.com
x98vv6,G,Dary,Con,8 Anniversary Hill,Damaishan,OH,30300,US,cdary3@tmall.com
5nhb03,C,Stritton,Mar,3 Laurel Plaza,Smimou,CA,93939,US,mstritton4@huffingtonpost.com
t25vx1,C,Cancellieri,Odelia,198 Stone Corner Point,Tatuí,TX,392921,US.ocancellieri5@smh.com.au
w34jg2,E,Tinto,Averyl,98624 Pearson Junction,Qalqaman,PA,27172,US,atinto6@yelp.com
3ogc73,E,Joutapaitis,Gawain,3578 Stoughton Park,Opi,WA,201012,US,gjoutapaitis7@loc.gov
w40ra7,P,Semor,Adriaens,36321 Thackeray Road,Vilarinho da Castanheira,OR,47123,US,
